idade,profissao,renda_mensal,estado_civil,possui_dependentes,valor_cobertura,tipo_cobertura,q01_tem_doenca_grave,q02_fumante,q03_historico_familiar,regra_q01_ativada,regra_q02_ativada,regra_q03_ativada,risco_alto
58,motorista,1572.7,divorciado,True,262050.2,doenca_grave,True,False,False,False,True,True,1
23,professor,5497.29,solteiro,True,730218.63,doenca_grave,False,True,False,True,True,False,1
39,engenheiro,4038.56,divorciado,True,138108.55,morte,True,True,True,True,False,True,1
42,motorista,11533.57,divorciado,True,719343.24,morte,False,False,False,True,True,False,1
35,atendente,13114.44,divorciado,True,401671.92,morte,False,False,False,True,True,True,0
28,atendente,8271.71,casado,False,850709.32,morte,True,True,True,False,True,True,1
54,analista,7047.41,viúvo,False,890449.0,doenca_grave,False,True,True,False,False,False,1
41,professor,19949.46,casado,False,136363.94,morte,False,True,True,False,True,False,0
42,vendedor,19926.69,divorciado,True,696269.24,morte,False,False,True,False,True,False,0
45,professor,9675.38,divorciado,True,532297.59,morte,False,True,False,True,True,False,1
66,professor,11294.26,solteiro,False,514175.42,morte,False,False,False,False,True,True,1
33,vendedor,18997.34,solteiro,False,825222.09,doenca_grave,False,True,False,True,False,False,1
31,vendedor,15374.51,casado,False,429042.68,doenca_grave,False,False,False,True,True,True,0
22,engenheiro,1497.55,casado,True,56831.3,doenca_grave,False,True,False,False,True,True,1
35,analista,10274.33,casado,False,280847.38,invalidez,False,True,True,False,False,False,0
44,atendente,17426.51,solteiro,True,107582.04,doenca_grave,True,False,True,True,False,True,0
45,professor,6364.5,casado,True,470974.21,doenca_grave,True,False,False,True,True,True,1
28,atendente,10278.62,casado,False,907320.72,morte,True,False,True,False,False,False,1
62,analista,19913.49,viúvo,True,230402.97,morte,False,False,False,False,True,True,0
55,atendente,10603.87,casado,True,962739.96,morte,False,True,True,True,False,True,1
54,professor,12041.57,solteiro,True,448263.67,doenca_grave,False,True,True,False,True,False,1
43,professor,13794.95,divorciado,False,350368.34,morte,True,False,False,True,True,True,0
50,engenheiro,3603.43,divorciado,True,885306.73,invalidez,True,False,False,False,True,False,1
60,motorista,18845.78,casado,False,159657.24,morte,False,True,True,True,False,True,0
61,analista,17220.05,viúvo,False,910069.67,morte,True,False,True,True,False,True,1
58,engenheiro,4153.9,viúvo,False,582861.52,morte,True,False,False,True,False,True,1
45,professor,1890.57,divorciado,True,903978.4,morte,False,False,True,False,True,True,1
28,autônomo,16423.59,viúvo,True,220392.63,invalidez,False,False,False,True,False,True,0
68,analista,3143.01,solteiro,False,261312.03,invalidez,True,False,False,True,True,True,1
43,engenheiro,6365.6,solteiro,False,383588.82,doenca_grave,True,False,False,True,True,False,1
29,vendedor,19291.9,divorciado,True,152982.42,invalidez,True,False,False,True,False,True,0
34,motorista,14496.04,solteiro,True,396010.4,morte,False,False,False,True,False,False,0
60,atendente,7264.86,divorciado,True,232248.09,doenca_grave,False,False,False,False,False,True,0
37,engenheiro,5072.45,divorciado,False,469696.72,doenca_grave,True,False,False,True,True,False,1
50,analista,13062.58,divorciado,True,827502.29,morte,False,True,True,True,True,True,1
48,vendedor,17160.04,solteiro,False,443718.96,doenca_grave,False,False,True,False,True,True,0
59,analista,1204.8,solteiro,False,257899.08,doenca_grave,False,True,True,True,False,True,1
69,atendente,13717.22,divorciado,False,632019.71,doenca_grave,False,False,False,False,True,False,1
46,engenheiro,15308.58,divorciado,False,645411.02,invalidez,False,False,True,False,False,True,1
26,professor,5470.84,casado,True,111017.41,invalidez,True,False,True,False,False,True,0
66,vendedor,8289.2,solteiro,False,333682.02,invalidez,False,False,False,True,False,True,1
35,atendente,10278.63,viúvo,False,685429.94,invalidez,False,False,False,True,False,True,1
23,analista,9200.78,viúvo,True,97770.4,invalidez,True,False,True,False,False,False,0
34,autônomo,2648.03,solteiro,True,999912.44,invalidez,True,True,False,True,True,True,1
30,autônomo,1485.18,casado,True,169909.93,doenca_grave,True,False,False,False,False,True,1
56,vendedor,19314.59,solteiro,True,966484.73,morte,False,False,False,False,False,True,1
22,vendedor,14152.61,casado,True,712333.35,invalidez,False,False,True,True,False,False,1
60,engenheiro,2403.28,divorciado,True,857096.85,invalidez,True,False,False,False,True,False,1
29,analista,10961.01,divorciado,False,491630.08,doenca_grave,False,True,True,True,False,False,1
33,autônomo,9882.99,viúvo,False,77265.0,invalidez,True,True,False,False,False,False,0
53,motorista,10864.26,casado,True,279288.25,invalidez,False,False,False,False,False,True,0
23,engenheiro,5288.17,casado,False,680762.02,invalidez,False,False,False,False,False,False,1
35,engenheiro,5851.53,solteiro,True,349770.55,doenca_grave,False,False,True,True,False,False,1
64,vendedor,19557.87,divorciado,True,840996.95,invalidez,True,True,True,True,False,True,1
21,vendedor,6621.38,casado,False,147458.26,morte,False,False,False,True,True,False,0
48,motorista,16637.99,viúvo,False,120378.06,doenca_grave,False,True,False,False,True,True,0
25,vendedor,15547.98,casado,False,477988.74,invalidez,True,False,False,True,True,True,0
58,professor,6101.81,solteiro,True,277871.92,doenca_grave,True,True,False,False,False,True,1
32,engenheiro,14461.47,viúvo,True,703015.67,invalidez,False,False,False,True,False,True,1
52,professor,13340.3,divorciado,True,117839.35,morte,False,False,False,False,False,True,0
47,analista,6847.32,viúvo,False,525448.57,invalidez,False,False,False,False,False,True,1
23,professor,19280.12,solteiro,False,597434.64,morte,False,False,False,True,False,False,0
23,atendente,7676.46,divorciado,False,686626.83,morte,True,False,True,False,True,False,1
23,engenheiro,5870.34,solteiro,False,871665.05,morte,False,False,False,True,False,False,1
58,atendente,15463.82,casado,False,571758.66,invalidez,False,False,True,True,True,False,1
53,motorista,11537.55,solteiro,True,992644.28,morte,False,True,False,False,False,False,1
44,autônomo,10219.24,viúvo,True,483947.15,morte,True,False,False,True,True,False,1
67,autônomo,17248.39,divorciado,False,829522.0,invalidez,False,False,False,False,True,False,1
52,atendente,7622.84,viúvo,False,936209.64,morte,False,True,True,False,True,False,1
65,atendente,14428.81,viúvo,False,988993.3,doenca_grave,False,False,True,False,True,False,1
24,vendedor,18307.35,solteiro,True,439479.69,doenca_grave,False,True,False,False,False,False,0
59,motorista,17198.36,viúvo,False,645459.22,invalidez,False,True,True,False,True,True,1
45,motorista,15470.99,solteiro,False,208046.55,invalidez,False,True,False,False,False,False,0
45,professor,5715.33,viúvo,True,211484.47,morte,False,True,False,False,True,True,1
47,analista,5900.17,divorciado,True,903963.11,invalidez,False,False,True,False,False,False,1
58,atendente,14146.93,viúvo,False,239256.15,invalidez,False,True,True,False,False,False,0
19,autônomo,13540.54,divorciado,True,587632.57,doenca_grave,False,False,False,False,False,True,1
56,autônomo,7758.87,casado,False,693876.24,doenca_grave,False,False,True,True,True,False,1
68,atendente,1730.59,divorciado,True,135626.71,invalidez,True,False,True,False,False,True,1
34,autônomo,18945.15,divorciado,False,814020.91,invalidez,False,True,False,False,False,True,1
68,atendente,1363.06,solteiro,False,400156.38,doenca_grave,False,False,False,False,True,True,1
48,motorista,12809.44,divorciado,True,665269.76,doenca_grave,False,False,True,False,True,True,1
20,motorista,6852.49,viúvo,True,142332.4,doenca_grave,True,False,False,False,True,False,0
59,motorista,16856.8,viúvo,False,81080.47,invalidez,True,False,True,False,True,False,0
52,analista,7878.94,viúvo,False,230318.13,morte,False,False,True,True,True,True,0
68,engenheiro,5703.45,casado,True,115179.65,doenca_grave,True,True,False,False,True,True,0
35,autônomo,19698.13,casado,False,808588.13,morte,False,True,True,True,False,True,1
29,engenheiro,2090.34,viúvo,True,758382.01,invalidez,False,True,False,False,True,True,1
64,autônomo,18275.41,divorciado,False,661173.65,morte,True,False,False,True,False,False,1
22,motorista,7187.91,casado,True,169882.01,doenca_grave,False,False,True,False,False,False,0
24,autônomo,14363.63,casado,False,478977.17,morte,False,False,True,True,False,False,0
38,analista,5917.42,casado,False,113776.64,morte,True,True,False,True,True,False,0
60,motorista,8864.28,viúvo,True,969978.69,doenca_grave,True,True,False,True,False,True,1
24,engenheiro,17077.56,divorciado,True,774475.35,doenca_grave,True,False,False,True,False,True,1
29,engenheiro,14381.01,divorciado,False,383472.25,morte,False,False,False,True,True,True,0
65,vendedor,5166.01,viúvo,False,373851.18,invalidez,True,True,False,True,True,True,1
28,autônomo,12777.14,solteiro,False,470957.33,invalidez,False,False,True,True,False,False,1
25,engenheiro,13918.32,viúvo,False,93146.49,invalidez,False,True,True,True,True,False,0
36,engenheiro,3367.7,viúvo,False,216910.06,invalidez,False,True,False,False,True,False,1
65,motorista,9344.55,viúvo,True,869004.51,doenca_grave,False,False,False,False,True,False,1
19,engenheiro,4348.4,viúvo,False,133723.39,morte,True,False,False,False,False,False,0
32,engenheiro,15825.33,solteiro,True,554074.58,morte,False,True,False,True,True,True,1
27,engenheiro,4828.44,casado,True,218288.82,doenca_grave,False,False,False,False,False,False,1
27,atendente,2390.61,viúvo,False,806513.2,doenca_grave,True,False,True,False,True,True,1
41,autônomo,6525.76,solteiro,False,489576.08,doenca_grave,False,False,True,True,False,False,1
50,professor,19200.95,viúvo,True,820418.47,invalidez,False,True,False,True,True,False,1
46,vendedor,10979.94,casado,False,404209.38,invalidez,True,False,False,True,False,True,1
39,motorista,11645.5,viúvo,False,289396.0,doenca_grave,False,False,True,True,True,False,0
37,analista,14301.27,viúvo,True,615289.17,morte,True,True,False,True,True,False,1
50,engenheiro,1444.56,divorciado,True,953610.85,invalidez,False,False,True,True,True,True,1
36,autônomo,15995.47,solteiro,False,882573.13,doenca_grave,True,True,True,True,False,True,1
44,engenheiro,13883.26,casado,False,630065.65,doenca_grave,False,True,True,False,True,False,1
61,vendedor,19705.91,viúvo,False,789217.84,doenca_grave,False,False,False,True,False,True,1
59,atendente,17620.81,solteiro,True,320809.86,morte,True,False,True,False,True,True,0
46,engenheiro,18685.92,viúvo,True,426631.27,invalidez,True,False,True,True,False,True,0
63,analista,7436.99,casado,True,86388.03,invalidez,False,True,False,False,True,True,0
19,engenheiro,5175.87,casado,False,155627.52,invalidez,True,True,True,False,True,True,1
49,vendedor,11231.42,casado,True,326708.39,morte,False,True,False,True,False,True,0
51,vendedor,10688.49,solteiro,False,879664.87,morte,False,False,True,True,False,True,1
40,professor,14952.59,solteiro,False,176739.11,invalidez,False,False,True,False,False,True,0
69,professor,2292.6,viúvo,True,328770.44,morte,False,False,True,False,False,False,1
34,motorista,15337.2,casado,False,389125.47,morte,False,True,True,False,False,False,0
65,atendente,18008.65,viúvo,False,975037.41,invalidez,False,True,False,False,True,False,1
23,atendente,12486.37,casado,False,355150.86,morte,True,True,False,False,True,False,0
40,atendente,1900.51,divorciado,False,310827.59,morte,True,False,True,True,True,True,1
56,analista,15866.8,solteiro,True,113871.69,doenca_grave,True,True,False,True,False,False,0
41,atendente,15522.3,casado,False,428132.34,doenca_grave,True,False,True,True,False,False,0
53,motorista,6047.58,divorciado,False,253841.9,doenca_grave,True,False,False,True,True,True,1
46,professor,18085.03,viúvo,True,819987.56,invalidez,False,False,False,False,False,True,1
63,analista,18626.43,casado,False,533317.96,morte,False,False,True,False,True,False,0
53,vendedor,8072.42,casado,True,112460.7,invalidez,False,False,False,False,True,True,0
38,analista,2501.72,viúvo,False,171917.88,doenca_grave,False,True,False,False,True,True,1
51,professor,6847.95,casado,False,938000.94,morte,True,False,False,True,False,True,1
58,vendedor,6287.12,divorciado,True,527444.49,morte,False,False,True,False,True,True,1
23,motorista,19027.54,divorciado,True,778611.05,invalidez,False,True,False,False,False,False,1
33,autônomo,16358.9,viúvo,False,480866.93,doenca_grave,True,False,False,True,False,True,0
38,autônomo,14677.06,divorciado,False,174227.84,invalidez,False,True,True,True,False,False,0
33,professor,2929.74,divorciado,False,870955.66,invalidez,True,False,True,False,False,True,1
66,professor,10517.22,viúvo,False,885121.88,invalidez,True,False,False,True,True,False,1
21,motorista,6417.63,viúvo,False,559856.21,morte,False,False,False,False,False,True,1
43,motorista,11878.32,casado,False,575561.78,morte,True,False,False,True,True,True,1
43,engenheiro,16123.56,divorciado,False,767216.91,morte,False,False,True,True,True,False,1
69,atendente,10915.39,casado,True,361567.56,doenca_grave,True,True,False,False,False,False,1
63,vendedor,6766.04,solteiro,False,364677.61,morte,False,False,False,True,False,False,1
59,autônomo,19471.87,casado,True,604347.11,morte,False,False,False,False,True,True,0
20,vendedor,19021.08,solteiro,True,67990.5,invalidez,False,False,True,False,True,True,0
51,professor,11700.76,viúvo,False,348064.97,morte,False,False,False,False,False,True,0
33,engenheiro,11647.84,casado,False,782615.56,doenca_grave,True,False,True,False,False,False,1
25,vendedor,13888.16,viúvo,False,827458.59,morte,True,True,False,False,False,False,1
65,atendente,5144.35,divorciado,False,180409.31,doenca_grave,False,True,True,True,True,True,1
24,atendente,7342.55,viúvo,True,697132.39,morte,True,False,False,False,False,False,1
59,professor,15386.72,divorciado,False,321144.57,morte,False,True,False,True,True,False,0
29,motorista,19946.55,viúvo,False,226996.05,doenca_grave,False,False,False,True,False,True,0
39,engenheiro,9687.2,viúvo,True,858506.75,invalidez,True,False,True,False,False,True,1
18,analista,7471.42,divorciado,True,216720.17,doenca_grave,False,False,False,True,False,True,0
29,professor,10123.88,casado,True,297746.01,morte,False,True,True,True,False,False,0
62,professor,2274.15,solteiro,False,341466.02,invalidez,False,False,False,False,True,False,1
41,vendedor,5274.05,casado,False,195526.29,doenca_grave,False,True,False,False,True,True,1
61,autônomo,12360.89,solteiro,False,551764.47,invalidez,True,False,True,True,True,True,1
38,autônomo,10934.46,solteiro,True,731072.07,invalidez,True,False,False,False,True,False,1
47,vendedor,2191.23,viúvo,False,737116.08,invalidez,True,True,True,True,True,False,1
40,analista,2305.06,solteiro,True,986830.39,invalidez,True,False,False,False,False,False,1
46,autônomo,18433.47,viúvo,False,126237.49,doenca_grave,False,True,False,True,True,False,0
51,professor,14856.52,casado,True,768370.44,invalidez,False,False,False,False,True,True,1
47,engenheiro,4031.79,casado,True,80606.45,doenca_grave,False,False,False,True,True,True,0
22,motorista,12325.54,viúvo,True,282497.44,morte,False,True,True,True,True,False,0
32,autônomo,18419.9,divorciado,False,275058.83,morte,False,False,False,False,True,True,0
58,analista,9174.09,viúvo,True,973675.72,doenca_grave,False,False,True,False,False,True,1
37,atendente,4575.31,viúvo,True,856873.89,invalidez,False,True,False,True,False,False,1
53,vendedor,3634.35,casado,False,243169.9,doenca_grave,True,False,True,True,True,False,1
42,analista,12533.92,solteiro,True,228755.13,doenca_grave,False,False,False,False,False,True,0
31,professor,19283.27,solteiro,False,918719.23,doenca_grave,False,True,False,False,False,False,1
47,vendedor,13360.83,divorciado,False,391662.39,invalidez,False,False,False,False,True,False,0
38,atendente,1964.02,casado,True,65408.91,doenca_grave,False,False,False,True,True,False,0
32,atendente,11869.02,casado,False,573110.41,doenca_grave,True,False,False,False,False,True,1
64,autônomo,7756.13,casado,False,224845.38,doenca_grave,False,False,False,True,True,True,0
44,professor,17024.1,casado,True,721811.09,morte,True,False,True,False,False,True,1
18,vendedor,11526.06,solteiro,True,552946.76,invalidez,False,True,False,False,True,True,1
24,vendedor,3914.16,casado,False,824453.67,invalidez,False,True,False,False,True,True,1
37,analista,16750.37,solteiro,True,138825.48,invalidez,True,False,False,True,True,False,0
45,analista,15924.71,solteiro,True,268278.17,doenca_grave,False,False,True,True,False,True,0
29,autônomo,7043.76,casado,True,764641.75,doenca_grave,False,False,True,True,False,False,1
42,autônomo,15081.18,solteiro,False,101011.61,invalidez,True,True,False,False,False,True,0
58,engenheiro,15909.06,viúvo,False,266731.47,doenca_grave,False,False,False,False,True,False,0
69,professor,14577.75,solteiro,False,196509.92,doenca_grave,False,True,True,False,True,True,0
18,engenheiro,9505.51,divorciado,True,175881.65,morte,False,False,False,True,True,True,0
40,vendedor,2858.91,divorciado,False,61723.58,invalidez,True,True,False,True,True,False,0
28,professor,6182.57,divorciado,False,188638.08,morte,False,False,False,True,False,False,0
33,analista,12913.14,casado,False,151623.75,invalidez,True,True,False,False,False,False,0
39,atendente,16512.49,casado,False,354631.9,doenca_grave,True,True,False,False,False,False,0
54,autônomo,5681.82,viúvo,False,825669.79,invalidez,True,False,True,True,True,False,1
63,professor,9386.8,divorciado,True,828017.29,invalidez,False,True,True,False,True,False,1
68,atendente,2497.94,viúvo,False,557649.03,doenca_grave,False,True,False,True,True,True,1
60,analista,7809.67,solteiro,False,968470.58,invalidez,False,False,True,False,True,True,1
46,engenheiro,8492.44,casado,False,997817.59,invalidez,True,False,False,True,True,False,1
37,engenheiro,9705.79,casado,False,380885.28,morte,False,False,True,False,True,True,1
19,autônomo,7584.17,solteiro,True,933426.32,doenca_grave,True,True,True,False,False,True,1
69,atendente,13002.47,casado,False,425803.26,doenca_grave,False,True,False,False,True,True,0
31,engenheiro,15318.95,solteiro,True,809527.24,doenca_grave,True,True,False,False,False,False,1
56,atendente,12653.73,solteiro,False,384385.68,invalidez,False,False,False,False,True,True,0
38,motorista,5609.02,solteiro,True,404640.77,morte,False,False,True,False,False,True,1
49,analista,11256.47,casado,True,515159.92,morte,True,False,False,False,True,False,1
26,professor,16507.58,viúvo,False,700461.84,invalidez,False,False,True,True,True,False,1
20,engenheiro,5349.54,divorciado,True,791703.19,doenca_grave,False,False,False,True,True,False,1
67,vendedor,16660.05,divorciado,True,772003.92,invalidez,False,False,True,True,False,True,1
46,engenheiro,7688.1,solteiro,False,872025.95,morte,False,True,False,False,False,True,1
57,professor,15933.65,casado,True,591570.63,doenca_grave,True,False,True,False,False,False,1
50,analista,16506.92,casado,False,922830.28,invalidez,False,True,False,True,True,False,1
33,autônomo,17043.2,viúvo,False,185063.05,doenca_grave,True,False,False,True,False,False,0
62,engenheiro,9693.75,viúvo,False,602857.77,doenca_grave,True,False,False,False,True,False,1
31,atendente,16689.62,viúvo,False,356721.89,invalidez,True,False,False,False,False,True,0
20,motorista,12934.79,viúvo,True,168025.32,morte,False,True,False,True,True,False,0
28,autônomo,18728.51,divorciado,True,671858.57,invalidez,True,False,False,True,False,False,1
64,analista,15373.89,viúvo,True,718513.14,morte,True,True,False,False,True,True,1
62,engenheiro,16543.36,viúvo,True,503815.23,morte,True,False,True,False,False,False,1
26,atendente,15718.4,casado,True,114991.03,doenca_grave,True,False,False,True,True,False,0
57,analista,9461.06,casado,True,901763.3,morte,False,False,True,False,False,True,1
33,engenheiro,13283.33,casado,False,790021.17,doenca_grave,True,False,False,True,True,False,1
36,analista,2131.36,casado,False,416591.3,morte,False,False,False,True,False,False,1
26,atendente,17369.38,viúvo,False,569038.41,morte,False,False,False,True,True,True,0
34,professor,1852.73,solteiro,False,531280.07,doenca_grave,False,False,False,False,True,True,1
35,motorista,6957.24,casado,True,559570.66,invalidez,False,False,False,True,False,False,1
64,autônomo,5610.25,casado,True,928396.37,morte,False,False,True,True,True,True,1
63,professor,14358.34,casado,False,955365.39,doenca_grave,False,False,True,False,True,False,1
64,motorista,15680.03,solteiro,False,816752.45,invalidez,False,True,False,True,False,False,1
50,engenheiro,2147.8,casado,False,199444.48,morte,False,False,True,True,True,True,1
33,motorista,10016.35,viúvo,True,220012.89,morte,False,False,False,False,True,False,0
33,atendente,18409.66,divorciado,False,834697.15,doenca_grave,True,False,False,True,True,True,1
43,motorista,17675.13,divorciado,False,360935.88,doenca_grave,False,True,True,False,True,False,0
41,vendedor,19468.11,casado,True,193038.06,invalidez,True,False,False,True,False,True,0
66,analista,8211.59,divorciado,True,244934.65,morte,False,False,False,True,False,True,0
20,professor,18058.73,viúvo,False,485535.13,doenca_grave,True,True,True,False,True,True,1
45,analista,19323.73,casado,False,297941.39,invalidez,False,True,False,False,False,False,0
35,professor,2511.59,casado,True,790940.13,doenca_grave,True,True,False,False,False,True,1
52,engenheiro,19331.6,casado,False,342892.33,invalidez,False,True,False,False,True,True,0
38,professor,2823.92,casado,False,426432.24,morte,False,True,False,True,False,False,1
53,analista,11497.28,solteiro,False,146811.98,morte,True,True,False,True,True,True,0
43,engenheiro,14070.79,solteiro,False,921557.15,morte,True,True,False,False,True,True,1
69,engenheiro,3415.77,viúvo,True,209589.75,doenca_grave,False,False,False,False,False,True,1
40,professor,18266.95,divorciado,False,473710.86,morte,True,False,True,False,False,False,0
53,atendente,2252.5,divorciado,False,180374.22,morte,False,False,True,True,False,False,1
48,vendedor,15869.12,divorciado,False,418962.21,morte,True,False,True,False,True,False,0
51,engenheiro,15593.32,casado,True,145127.62,doenca_grave,True,False,False,True,True,False,0
40,autônomo,19840.14,casado,True,274723.58,invalidez,False,False,False,True,False,True,0
54,professor,16913.57,viúvo,False,216778.93,morte,True,True,True,False,True,False,1
57,professor,16341.82,divorciado,True,922841.75,invalidez,True,True,False,True,True,False,1
22,engenheiro,14415.77,viúvo,True,369733.02,invalidez,True,True,False,False,False,True,0
63,vendedor,14208.29,divorciado,True,682255.09,morte,True,False,True,True,True,False,1
67,vendedor,1712.03,divorciado,True,657664.43,morte,False,True,False,True,False,False,1
28,analista,17832.55,solteiro,False,474298.44,invalidez,True,False,True,True,True,True,0
42,atendente,14945.85,casado,False,518427.89,invalidez,True,True,False,True,True,False,0
22,autônomo,17084.91,divorciado,True,352781.06,morte,True,True,True,True,True,False,1
56,vendedor,17981.97,solteiro,False,945320.15,morte,False,False,True,False,True,True,1
44,analista,11572.72,divorciado,False,332530.62,morte,True,False,False,True,True,False,0
18,atendente,2756.18,viúvo,True,142137.55,morte,True,True,True,True,False,False,1
48,atendente,18013.18,divorciado,True,659773.06,invalidez,True,False,True,False,True,False,1
46,atendente,6078.28,divorciado,True,193574.14,doenca_grave,False,True,True,False,True,True,0
42,autônomo,10976.8,viúvo,True,502449.17,morte,True,False,True,True,True,False,1
29,professor,19473.92,casado,True,90542.11,morte,False,False,False,True,False,False,0
64,autônomo,2366.53,viúvo,False,574451.48,invalidez,False,False,True,False,True,False,1
27,professor,11808.63,solteiro,True,584549.57,morte,False,False,False,False,False,False,1
59,atendente,11911.24,viúvo,True,213589.74,invalidez,True,False,False,True,False,False,0
62,professor,2031.6,viúvo,False,902179.79,morte,True,False,True,False,True,True,1
26,engenheiro,19512.75,viúvo,False,305948.98,invalidez,False,True,False,False,False,False,0
21,vendedor,16059.17,solteiro,False,724090.93,invalidez,True,False,False,True,True,True,1
30,autônomo,2189.16,solteiro,False,98031.32,invalidez,False,True,False,False,True,True,1
33,engenheiro,10338.07,viúvo,True,962494.36,invalidez,False,True,True,False,True,False,1
19,atendente,2038.4,casado,True,665010.9,doenca_grave,True,False,False,True,False,True,1
59,professor,12461.58,solteiro,True,289770.92,invalidez,False,False,True,False,False,False,0
34,professor,9920.59,viúvo,True,56980.19,doenca_grave,False,False,False,False,False,True,0
48,motorista,7455.76,divorciado,False,868417.02,invalidez,False,False,False,True,True,True,1
21,autônomo,17303.26,viúvo,False,696717.96,doenca_grave,True,False,True,False,False,False,1
65,motorista,12119.15,casado,False,740222.38,morte,False,False,False,False,False,True,1
60,vendedor,4523.47,solteiro,False,171546.93,invalidez,False,False,False,False,True,True,1
40,professor,15165.57,divorciado,False,798685.91,invalidez,True,False,False,True,False,True,1
58,vendedor,12067.92,solteiro,False,894954.76,doenca_grave,True,False,False,False,True,True,1
26,professor,7576.46,viúvo,True,350564.28,doenca_grave,True,True,True,True,False,True,1
18,atendente,6269.68,casado,True,515098.24,morte,True,False,False,False,False,False,1
18,motorista,11188.49,divorciado,True,897406.07,doenca_grave,True,False,False,True,True,False,1
37,professor,3041.19,divorciado,True,112022.67,morte,True,True,False,False,False,True,1
39,atendente,7889.84,casado,True,950680.14,invalidez,True,True,False,True,True,True,1
25,engenheiro,14539.98,solteiro,False,882716.93,invalidez,False,False,False,True,True,True,1
21,analista,3288.43,viúvo,False,167415.31,invalidez,False,True,False,True,False,False,1
60,motorista,13620.93,divorciado,True,447884.46,morte,False,False,True,True,False,True,0
56,professor,15803.42,casado,False,718264.91,invalidez,True,False,False,False,False,True,1
18,motorista,13793.87,solteiro,False,191687.27,morte,False,True,False,False,True,False,0
36,engenheiro,9874.84,solteiro,True,880433.43,invalidez,True,False,False,True,True,True,1
18,autônomo,3715.65,casado,False,389651.03,invalidez,False,True,False,False,False,True,1
25,atendente,8664.73,viúvo,False,843922.93,doenca_grave,False,False,False,True,True,True,1
62,analista,2208.42,casado,True,445226.33,doenca_grave,False,False,False,False,False,True,1
61,autônomo,14845.57,casado,False,924378.09,morte,False,False,True,False,True,True,1
60,autônomo,7493.88,solteiro,False,678627.6,morte,False,False,False,True,True,True,1
59,professor,10655.23,viúvo,False,875944.85,morte,False,True,True,False,True,True,1
53,analista,8256.25,casado,True,486139.87,doenca_grave,False,False,False,True,False,True,1
24,atendente,8893.2,solteiro,True,802194.12,doenca_grave,False,False,False,False,False,False,1
21,autônomo,5313.15,viúvo,False,582143.3,doenca_grave,False,False,True,False,True,True,1
66,analista,5291.02,divorciado,False,838389.69,invalidez,False,True,True,True,False,True,1
63,analista,14737.47,solteiro,False,630309.18,morte,True,False,True,True,False,True,1
66,atendente,1978.86,solteiro,False,484518.48,doenca_grave,False,True,False,True,False,False,1
50,autônomo,18509.97,casado,True,743969.93,morte,True,False,False,False,False,False,1
56,analista,15508.88,divorciado,False,965413.86,invalidez,False,True,False,False,False,True,1
30,professor,12896.77,divorciado,False,925132.18,morte,False,False,False,False,True,False,1
53,atendente,12115.04,viúvo,False,883603.37,invalidez,False,False,True,True,True,True,1
30,engenheiro,15278.5,casado,False,699220.81,morte,False,False,True,True,False,False,1
24,vendedor,17505.87,casado,False,275715.7,doenca_grave,True,False,False,False,False,False,0
53,motorista,1345.04,divorciado,True,639533.61,invalidez,False,False,False,False,True,True,1
36,atendente,4453.35,solteiro,True,964351.49,doenca_grave,False,True,False,False,True,True,1
55,autônomo,5919.81,divorciado,False,724204.83,morte,True,False,False,False,False,False,1
22,autônomo,14475.18,casado,True,544575.97,doenca_grave,True,False,False,False,True,True,1
60,engenheiro,7357.16,divorciado,True,952792.86,doenca_grave,False,False,False,True,True,False,1
46,professor,18194.98,casado,True,698423.79,invalidez,True,False,True,False,False,True,1
51,autônomo,15662.34,viúvo,False,91659.08,doenca_grave,True,False,False,True,True,True,0
31,analista,12997.82,casado,False,843881.82,morte,False,False,False,False,True,True,1
19,atendente,14648.81,solteiro,True,119585.63,morte,False,False,False,True,False,False,0
42,atendente,13011.11,viúvo,False,66046.42,doenca_grave,True,True,False,True,True,True,0
40,vendedor,3105.96,divorciado,True,317441.57,invalidez,True,False,True,True,True,True,1
65,atendente,16158.96,divorciado,True,333153.68,doenca_grave,False,False,True,True,True,True,0
18,vendedor,12376.78,solteiro,False,249550.25,doenca_grave,False,True,False,True,True,True,0
32,vendedor,16876.74,casado,True,222290.09,doenca_grave,False,False,False,False,True,False,0
60,motorista,5838.0,casado,False,953962.91,invalidez,True,False,True,True,True,False,1
49,atendente,7305.74,divorciado,True,587274.41,invalidez,False,False,True,False,True,True,1
63,analista,13211.85,divorciado,False,177590.54,doenca_grave,True,False,False,False,False,True,0
29,analista,12565.26,divorciado,True,896732.19,morte,True,False,True,True,True,True,1
55,vendedor,8757.04,casado,True,574014.3,doenca_grave,False,False,False,True,False,False,1
32,autônomo,12243.45,divorciado,True,491466.09,doenca_grave,True,True,True,True,True,True,1
46,professor,4485.84,casado,False,942216.5,morte,True,False,True,False,True,True,1
60,professor,10888.03,divorciado,False,496190.52,invalidez,False,True,False,True,False,False,1
55,vendedor,11876.03,viúvo,False,397031.94,doenca_grave,False,True,True,True,False,False,0
40,atendente,16081.23,solteiro,True,467903.77,morte,True,False,True,True,True,False,0
56,analista,16540.45,casado,False,820614.0,doenca_grave,True,False,False,True,False,True,1
33,motorista,3517.03,casado,True,648063.4,morte,False,True,True,True,False,True,1
64,analista,13606.98,divorciado,True,255763.75,doenca_grave,False,False,True,False,True,True,0
57,analista,10754.21,casado,False,926234.35,doenca_grave,False,True,True,True,True,True,1
51,autônomo,18286.51,viúvo,True,625235.47,morte,False,False,True,True,True,False,0
60,professor,18147.51,solteiro,False,545942.02,invalidez,False,False,False,False,False,False,0
55,autônomo,15112.35,solteiro,False,177188.95,invalidez,False,False,True,False,False,True,0
18,analista,15154.9,solteiro,True,543773.75,invalidez,False,False,True,False,True,True,1
45,analista,12163.5,divorciado,False,586436.73,doenca_grave,True,False,False,False,False,True,1
41,vendedor,11587.82,divorciado,False,598768.6,doenca_grave,True,True,False,True,True,False,1
68,analista,19040.73,solteiro,True,532926.37,invalidez,False,False,False,True,True,False,0
58,motorista,16302.58,casado,False,929568.7,invalidez,True,True,True,True,False,False,1
57,analista,10947.0,solteiro,True,658276.75,invalidez,True,False,False,False,True,True,1
68,vendedor,10749.35,casado,True,690323.16,invalidez,True,True,True,False,False,False,1
60,atendente,8763.02,casado,True,750079.26,morte,False,False,False,False,False,False,1
32,vendedor,19301.78,viúvo,False,596161.39,invalidez,True,False,False,False,False,True,0
69,vendedor,19181.81,divorciado,False,967752.68,doenca_grave,False,True,True,False,False,True,1
48,motorista,5972.79,viúvo,True,693067.33,morte,False,False,True,True,False,True,1
36,motorista,8639.79,divorciado,True,576823.93,morte,False,True,False,False,True,True,1
49,analista,4873.7,casado,False,246439.7,morte,False,False,True,True,True,True,1
61,analista,10411.37,solteiro,True,855610.07,invalidez,False,False,False,False,False,True,1
66,vendedor,6397.04,casado,True,101440.76,invalidez,False,False,False,False,True,False,0
25,analista,10894.08,divorciado,True,61228.98,morte,True,True,True,False,True,False,1
33,engenheiro,10008.43,divorciado,False,224717.99,invalidez,True,False,True,False,False,False,0
29,vendedor,3578.53,casado,True,734774.69,morte,False,False,True,True,False,True,1
29,atendente,10542.4,divorciado,False,335032.47,doenca_grave,False,True,True,True,True,True,0
34,atendente,16956.57,solteiro,False,757363.56,invalidez,True,False,False,False,False,True,1
44,motorista,7735.61,casado,True,980404.48,invalidez,True,False,False,False,True,False,1
57,engenheiro,9864.91,casado,True,658551.62,invalidez,False,False,False,True,True,True,1
39,professor,7024.81,divorciado,False,625115.72,invalidez,True,False,False,False,False,False,1
28,professor,17244.6,casado,True,678921.42,doenca_grave,False,True,True,True,True,True,1
48,vendedor,2117.3,viúvo,True,148731.98,doenca_grave,True,False,False,False,True,True,1
65,engenheiro,9475.73,casado,True,550405.22,morte,True,False,False,False,False,False,1
52,engenheiro,11467.51,casado,True,611289.38,invalidez,False,False,False,False,False,False,1
52,professor,16308.98,viúvo,False,397494.16,invalidez,True,True,False,True,False,False,0
48,vendedor,1257.19,viúvo,False,334629.99,invalidez,False,False,False,False,True,False,1
53,atendente,8560.81,casado,False,837005.51,morte,True,False,True,False,False,False,1
44,professor,17230.81,casado,True,325115.53,doenca_grave,False,False,False,False,True,False,0
19,professor,2038.05,solteiro,True,973715.97,invalidez,True,False,False,True,True,True,1
18,atendente,5204.85,viúvo,False,796439.07,invalidez,False,False,False,False,True,True,1
21,engenheiro,15759.84,solteiro,False,222523.55,invalidez,False,False,True,True,False,False,0
33,analista,19896.72,casado,False,748556.64,morte,False,False,False,False,False,True,1
58,analista,1897.31,solteiro,False,507168.11,invalidez,True,False,False,True,True,True,1
58,atendente,7233.3,casado,False,605462.02,invalidez,False,True,True,False,True,False,1
67,motorista,5800.85,viúvo,True,701647.41,invalidez,False,False,False,True,False,True,1
62,vendedor,16058.71,casado,False,271040.9,doenca_grave,False,False,False,False,True,True,0
62,atendente,7869.37,casado,False,903729.89,invalidez,False,False,False,False,True,True,1
52,engenheiro,7217.57,viúvo,False,874278.75,doenca_grave,False,False,True,True,False,False,1
34,vendedor,8038.43,solteiro,False,746974.85,morte,False,True,False,False,True,False,1
30,vendedor,14012.94,casado,False,356470.04,doenca_grave,True,True,False,True,True,True,0
20,professor,3123.34,casado,True,80226.29,doenca_grave,False,False,False,False,True,False,0
32,vendedor,14667.27,solteiro,True,672961.89,morte,False,False,True,False,False,True,1
57,engenheiro,11098.49,solteiro,False,124038.61,morte,False,True,False,False,True,True,0
51,analista,5801.62,casado,False,758802.96,doenca_grave,False,False,False,False,True,True,1
68,professor,11494.35,divorciado,True,557205.45,doenca_grave,False,True,True,False,False,False,1
66,analista,9238.11,divorciado,True,584987.47,morte,True,False,False,False,False,False,1
43,motorista,14827.32,divorciado,True,541728.89,invalidez,True,False,True,False,True,False,1
53,vendedor,11614.51,casado,True,85849.49,invalidez,True,True,False,True,True,False,0
69,engenheiro,2837.01,viúvo,True,747552.66,doenca_grave,True,False,False,True,False,True,1
64,autônomo,11991.76,solteiro,True,925777.92,invalidez,True,False,False,True,True,True,1
58,autônomo,13048.46,solteiro,False,548164.18,invalidez,False,True,False,True,True,True,1
61,analista,19950.24,viúvo,True,260981.35,invalidez,False,True,True,False,True,False,0
34,motorista,8632.16,viúvo,True,773931.27,invalidez,False,False,False,True,True,True,1
22,engenheiro,15780.99,divorciado,True,156903.38,invalidez,False,True,True,True,False,True,0
40,vendedor,16627.94,viúvo,True,468440.25,morte,True,True,False,True,True,True,0
33,vendedor,18615.19,divorciado,True,376107.8,morte,True,False,True,True,True,False,0
53,atendente,12875.49,casado,True,407776.34,doenca_grave,False,True,True,True,False,True,0
47,analista,18963.84,solteiro,False,677354.18,doenca_grave,False,False,False,True,False,False,1
32,atendente,10711.41,solteiro,False,510429.04,doenca_grave,False,True,False,False,True,True,1
33,vendedor,6863.13,viúvo,False,757171.18,morte,True,True,False,True,False,True,1
58,engenheiro,17707.0,solteiro,False,264303.56,invalidez,False,False,True,False,True,False,0
33,vendedor,3986.96,divorciado,False,476710.73,morte,True,True,False,True,True,False,1
62,analista,18084.36,casado,False,995901.51,morte,False,False,True,True,True,True,1
38,autônomo,17725.16,solteiro,False,886125.31,invalidez,False,True,False,False,True,True,1
24,professor,4591.71,divorciado,True,616542.66,morte,False,True,False,False,True,False,1
63,analista,8167.83,viúvo,False,500154.57,morte,True,True,False,True,False,False,1
32,analista,13788.31,casado,True,112829.51,invalidez,False,False,True,False,True,False,0
43,autônomo,1890.52,viúvo,False,424443.17,doenca_grave,False,False,False,True,True,False,1
47,autônomo,17689.8,casado,False,984639.11,morte,False,False,False,True,True,False,1
46,atendente,17815.11,divorciado,False,208162.27,invalidez,False,True,False,True,False,False,0
23,analista,10562.43,casado,True,423413.38,invalidez,False,True,False,True,False,True,1
34,engenheiro,14173.46,casado,True,136631.68,doenca_grave,False,True,False,False,True,False,0
53,atendente,1929.82,casado,False,587217.0,doenca_grave,False,True,True,True,False,False,1
37,analista,15627.11,viúvo,False,645130.21,morte,False,False,True,False,True,False,1
49,autônomo,10524.34,solteiro,False,275984.44,doenca_grave,False,False,False,True,True,False,0
57,analista,11637.67,casado,True,225597.99,morte,False,True,False,False,False,True,0
21,motorista,8980.49,casado,True,688485.97,doenca_grave,False,False,False,True,False,False,1
20,motorista,15624.88,divorciado,False,902653.29,morte,False,False,True,False,True,True,1
62,autônomo,6286.51,viúvo,True,711038.02,doenca_grave,True,False,False,True,False,False,1
45,vendedor,17123.38,divorciado,False,930750.1,doenca_grave,False,False,False,False,True,True,1
63,engenheiro,19607.97,solteiro,True,72787.46,doenca_grave,False,False,True,False,False,True,0
39,engenheiro,11691.85,casado,True,658587.4,doenca_grave,True,False,True,False,True,True,1
61,engenheiro,7551.73,solteiro,True,234314.8,invalidez,False,False,False,True,True,False,0
27,analista,9805.68,divorciado,False,794789.58,invalidez,False,True,False,False,True,True,1
54,analista,7369.49,divorciado,True,971132.63,invalidez,False,True,True,True,False,True,1
56,motorista,17440.82,divorciado,False,724348.01,invalidez,False,False,True,False,False,True,1
51,engenheiro,4407.74,divorciado,True,788900.87,morte,False,True,False,True,True,False,1
48,analista,17616.31,divorciado,False,186130.3,morte,False,False,False,True,True,True,0
47,atendente,14588.5,solteiro,True,345432.25,morte,False,False,True,False,True,True,0
51,autônomo,13554.8,divorciado,True,598681.84,invalidez,False,True,True,False,False,False,1
67,atendente,13784.24,divorciado,True,199621.21,morte,True,False,False,True,False,False,0
35,professor,18927.95,divorciado,True,212711.23,invalidez,False,True,False,True,True,False,0
61,motorista,3102.02,solteiro,True,455142.46,morte,False,False,False,False,False,False,1
39,autônomo,4844.98,solteiro,False,589399.84,morte,False,False,False,False,False,False,1
48,professor,19006.77,casado,False,917218.53,invalidez,True,False,True,False,False,False,1
19,motorista,10083.82,divorciado,False,488179.6,morte,True,True,False,True,False,True,1
38,vendedor,13374.63,divorciado,False,430775.65,invalidez,True,True,True,False,False,True,1
39,professor,16483.01,viúvo,False,588850.63,invalidez,False,True,False,True,False,True,1
55,vendedor,9848.97,solteiro,False,217365.3,invalidez,True,True,False,False,False,False,0
59,analista,2262.01,casado,True,892898.46,doenca_grave,False,False,False,False,False,False,1
57,vendedor,9551.32,casado,False,334748.57,doenca_grave,True,False,False,False,True,True,1
57,vendedor,8739.33,casado,False,109290.03,doenca_grave,False,True,False,False,True,False,0
19,professor,9259.42,viúvo,False,726184.97,invalidez,True,False,False,False,True,True,1
53,atendente,17038.89,divorciado,False,196553.93,doenca_grave,True,True,False,True,False,False,0
26,motorista,3693.46,viúvo,False,898903.35,doenca_grave,False,False,True,False,False,False,1
40,professor,4611.45,solteiro,False,854463.69,morte,False,True,False,False,True,True,1
54,atendente,14422.28,solteiro,False,963650.86,morte,True,False,False,False,False,True,1
51,vendedor,2771.64,viúvo,True,699870.32,doenca_grave,False,True,True,False,True,False,1
47,vendedor,18224.44,divorciado,False,385268.81,invalidez,True,True,False,False,False,True,0
58,atendente,12026.87,solteiro,False,818450.99,doenca_grave,True,False,True,True,False,False,1
26,vendedor,6410.37,divorciado,True,754357.71,doenca_grave,True,False,True,False,False,True,1
34,autônomo,14344.65,viúvo,True,809403.41,morte,True,True,True,True,False,False,1
67,atendente,5597.21,viúvo,True,250313.91,doenca_grave,False,True,True,True,True,True,1
47,atendente,10100.78,viúvo,True,410810.75,doenca_grave,True,True,False,False,True,False,1
69,atendente,8319.88,divorciado,True,142496.1,doenca_grave,False,False,False,False,False,False,0
35,autônomo,2957.43,viúvo,False,784493.46,doenca_grave,True,False,False,False,True,False,1
53,motorista,13815.96,solteiro,True,440686.33,doenca_grave,True,False,True,False,False,True,0
20,motorista,12806.61,solteiro,True,952964.51,doenca_grave,True,False,True,True,False,True,1
25,analista,4582.57,divorciado,False,677453.95,morte,False,False,True,False,False,False,1
28,autônomo,2498.54,solteiro,False,419160.91,morte,True,False,True,True,False,True,1
57,atendente,4472.56,viúvo,True,186678.97,invalidez,True,False,False,False,True,True,1
22,motorista,11898.41,divorciado,False,67826.55,invalidez,True,False,False,False,False,True,0
62,engenheiro,18197.27,solteiro,False,504232.45,invalidez,False,False,False,True,True,False,0
62,autônomo,15838.78,solteiro,False,366767.73,invalidez,False,False,False,True,False,False,0
23,autônomo,9787.18,divorciado,True,217787.39,morte,False,False,True,False,True,False,0
49,motorista,17830.55,viúvo,True,182945.8,morte,True,False,True,False,True,False,0
49,vendedor,19337.63,viúvo,True,85190.55,morte,True,False,False,True,False,True,0
65,vendedor,5503.43,solteiro,True,748686.74,invalidez,False,False,False,True,True,True,1
18,professor,13057.3,divorciado,True,483375.36,morte,False,True,False,True,False,True,1
22,autônomo,4929.92,divorciado,False,358023.19,doenca_grave,False,True,False,True,True,True,1
39,motorista,3382.09,casado,False,209648.31,invalidez,False,False,False,True,True,True,1
68,autônomo,13048.48,viúvo,True,64848.81,invalidez,True,True,False,False,False,False,0
62,professor,4996.43,divorciado,False,441429.76,morte,False,True,True,False,True,False,1
40,atendente,1186.37,casado,True,161632.43,doenca_grave,False,False,False,True,False,True,1
35,motorista,4761.29,casado,False,522639.1,morte,False,True,False,False,True,False,1
34,engenheiro,12757.89,viúvo,True,149200.04,morte,False,True,False,False,True,True,0
33,analista,9507.11,divorciado,False,238813.83,doenca_grave,False,True,True,True,True,True,0
65,atendente,17540.85,viúvo,True,119853.23,doenca_grave,False,False,True,False,True,False,0
41,professor,9751.29,casado,False,976778.1,morte,True,True,False,False,True,True,1
47,atendente,9004.43,divorciado,True,892088.52,doenca_grave,True,False,False,True,True,True,1
44,autônomo,10961.43,casado,False,845139.57,invalidez,True,False,False,True,False,False,1
55,professor,17955.45,casado,True,446883.26,morte,True,False,False,True,False,False,0
48,autônomo,16182.53,solteiro,False,520520.79,morte,False,True,False,True,True,False,0
36,professor,13340.4,solteiro,True,505793.8,invalidez,True,False,False,True,False,False,1
67,professor,17622.36,viúvo,True,800365.78,invalidez,False,False,True,True,False,False,1
51,motorista,6705.55,divorciado,True,798307.25,morte,False,True,False,False,True,True,1
42,engenheiro,9895.17,solteiro,False,398111.35,doenca_grave,False,True,False,True,True,False,1
33,vendedor,3246.24,viúvo,True,765514.82,morte,True,False,False,False,False,True,1
22,engenheiro,7624.78,viúvo,True,496655.66,doenca_grave,False,False,True,False,True,True,1
47,motorista,2615.22,casado,False,960343.68,morte,True,True,False,False,True,True,1
51,analista,1528.85,viúvo,True,500209.67,invalidez,False,False,True,True,True,True,1
51,analista,7448.08,divorciado,False,511840.97,doenca_grave,False,False,False,False,True,False,1
28,autônomo,6014.14,viúvo,False,972187.85,morte,True,True,False,True,False,True,1
29,autônomo,14483.3,casado,True,276010.06,morte,False,False,False,False,True,True,0
53,analista,1755.62,divorciado,False,190547.0,invalidez,False,True,True,True,False,False,1
67,professor,19013.21,divorciado,True,54079.59,doenca_grave,False,False,False,False,False,False,0
66,vendedor,13704.18,viúvo,False,704689.63,doenca_grave,False,True,False,True,False,True,1
43,vendedor,16992.57,viúvo,False,137857.07,morte,False,True,False,False,True,True,0
23,vendedor,17154.63,solteiro,False,234727.54,invalidez,False,False,True,False,False,True,0
63,autônomo,9182.41,viúvo,False,61581.25,invalidez,True,False,False,True,True,False,0
65,atendente,16289.66,divorciado,True,815389.15,invalidez,False,False,False,True,True,True,1
37,atendente,19780.43,divorciado,True,936495.35,doenca_grave,False,True,False,False,False,True,1
53,atendente,14523.67,casado,True,226706.1,invalidez,True,False,False,False,False,False,0
53,analista,9859.24,solteiro,True,196322.77,invalidez,False,False,False,False,False,True,0
49,analista,13286.45,solteiro,True,776482.44,invalidez,False,True,False,False,False,False,1
58,analista,10097.17,solteiro,False,536899.58,doenca_grave,True,True,False,True,False,False,1
62,professor,7854.59,solteiro,False,393105.28,doenca_grave,False,True,True,True,True,True,1
66,motorista,12416.61,casado,False,878820.98,doenca_grave,False,True,False,False,True,False,1
27,motorista,3688.34,divorciado,False,789867.45,invalidez,True,False,True,True,True,True,1
68,vendedor,12693.8,solteiro,False,487466.79,morte,True,True,True,False,False,False,1
26,autônomo,9452.63,divorciado,True,724400.14,morte,False,True,True,True,True,False,1
26,professor,3561.12,solteiro,False,706277.23,morte,True,False,False,True,True,True,1
20,autônomo,13570.01,solteiro,False,162976.11,invalidez,True,True,True,True,True,True,1
55,professor,4592.38,divorciado,True,136240.35,doenca_grave,False,False,True,True,True,True,0
24,autônomo,12026.73,solteiro,True,730021.05,invalidez,True,False,True,True,True,False,1
41,analista,12239.29,viúvo,True,221806.11,invalidez,False,False,False,False,True,False,0
25,atendente,3184.98,casado,False,774160.0,doenca_grave,True,False,True,False,True,False,1
36,atendente,12447.36,divorciado,False,264579.76,invalidez,True,False,True,True,False,False,0
29,motorista,19975.87,viúvo,True,426551.27,doenca_grave,False,True,True,False,True,True,0
22,engenheiro,19531.42,divorciado,True,615212.79,invalidez,True,False,False,False,False,False,0
40,atendente,13700.2,viúvo,False,535843.79,morte,False,True,True,False,True,True,1
19,motorista,15044.39,solteiro,False,694202.07,morte,True,False,True,True,True,False,1
68,atendente,4916.51,viúvo,False,529555.02,doenca_grave,True,False,False,True,False,True,1
42,atendente,7045.17,viúvo,False,486673.43,morte,True,False,False,True,False,False,1
26,engenheiro,14627.17,viúvo,True,590412.46,invalidez,False,False,False,False,True,True,1
43,engenheiro,10449.66,viúvo,False,778147.23,invalidez,True,True,True,False,False,True,1
66,analista,7549.75,solteiro,False,377885.88,invalidez,False,True,True,True,False,True,1
62,motorista,17522.97,solteiro,False,211290.28,doenca_grave,True,False,False,False,False,True,0
62,atendente,12213.0,divorciado,False,591835.86,invalidez,False,False,True,True,False,False,1
50,autônomo,15556.68,divorciado,True,634086.48,invalidez,False,True,False,True,True,False,1
34,motorista,6719.35,viúvo,True,643343.68,morte,False,False,False,False,True,False,1
45,professor,7664.28,solteiro,False,529407.56,invalidez,False,False,True,False,False,False,1
60,autônomo,11448.93,solteiro,True,598001.13,morte,False,False,False,False,False,True,1
51,professor,7984.79,casado,True,192949.02,doenca_grave,False,False,False,True,True,False,0
35,autônomo,6525.14,casado,False,702512.16,morte,False,True,True,True,False,False,1
49,vendedor,19835.44,viúvo,True,241890.98,invalidez,True,True,False,True,True,False,0
68,motorista,2145.69,solteiro,False,621519.75,morte,False,False,True,True,False,True,1
33,motorista,11891.4,solteiro,False,521628.55,morte,True,True,False,False,False,True,1
45,professor,3826.85,casado,True,971427.3,invalidez,False,False,True,False,True,False,1
52,atendente,10074.74,casado,False,885461.86,morte,True,False,False,True,True,True,1
62,autônomo,13793.21,divorciado,False,343805.08,doenca_grave,True,False,True,True,False,False,0
18,atendente,18629.89,divorciado,False,135737.81,morte,True,False,True,False,False,False,0
68,motorista,6279.29,solteiro,False,497536.72,invalidez,False,True,False,True,True,False,1
50,motorista,7750.08,divorciado,False,710449.59,morte,False,True,False,True,True,False,1
30,analista,6874.85,solteiro,True,199931.32,doenca_grave,False,False,False,True,False,False,0
46,atendente,17609.26,casado,False,214805.07,doenca_grave,False,False,True,False,False,True,0
43,atendente,18955.91,casado,True,950703.76,doenca_grave,False,False,False,False,True,False,1
62,autônomo,4289.49,viúvo,False,620373.09,morte,True,True,False,True,True,False,1
67,atendente,16735.17,viúvo,True,263259.75,morte,True,False,False,False,False,False,0
26,atendente,17284.78,casado,False,740372.66,morte,False,False,True,False,False,True,1
57,atendente,18248.5,divorciado,False,131451.74,invalidez,True,True,False,True,False,False,0
65,vendedor,5942.66,solteiro,True,99506.98,morte,False,True,False,True,True,False,0
50,vendedor,8299.72,viúvo,False,175626.34,doenca_grave,True,True,True,False,False,False,1
26,motorista,7097.3,viúvo,True,297385.71,invalidez,True,True,False,False,False,False,1
36,engenheiro,12684.41,divorciado,False,463986.6,morte,True,False,False,True,False,True,1
30,professor,2131.32,casado,True,496735.15,morte,False,False,False,False,True,False,1
40,analista,11700.15,viúvo,False,156866.34,doenca_grave,False,True,True,False,True,True,0
65,vendedor,16646.61,casado,True,549714.64,doenca_grave,True,False,True,False,True,False,1
19,engenheiro,13976.8,solteiro,False,404880.39,morte,False,True,True,False,False,False,0
56,analista,1209.72,solteiro,False,358669.69,doenca_grave,False,False,False,True,True,True,1
69,analista,6447.83,solteiro,True,569798.41,doenca_grave,True,True,True,False,True,True,1
31,professor,8442.7,viúvo,False,664809.6,doenca_grave,True,True,False,False,True,False,1
60,motorista,16825.8,casado,False,473170.29,invalidez,False,False,False,False,False,True,0
45,analista,9151.72,solteiro,False,974608.2,doenca_grave,True,False,True,False,True,False,1
47,atendente,2596.56,viúvo,False,191176.21,morte,False,True,True,False,False,True,1
53,motorista,18437.01,solteiro,False,442368.43,invalidez,False,False,True,False,True,True,0
25,analista,13603.83,casado,True,850764.33,morte,True,False,True,False,False,False,1
39,autônomo,16409.11,casado,True,124309.5,doenca_grave,True,False,False,True,True,False,0
25,motorista,4345.8,viúvo,False,707215.92,doenca_grave,False,False,False,False,False,False,1
23,professor,3653.65,casado,True,825169.81,doenca_grave,False,False,True,True,True,False,1
58,autônomo,16031.22,casado,True,335871.98,invalidez,True,False,True,True,False,False,0
48,motorista,17350.15,casado,True,330089.84,invalidez,True,True,False,False,False,False,0
65,vendedor,12361.37,divorciado,True,513121.69,invalidez,False,False,False,False,True,True,1
51,motorista,9075.89,divorciado,True,304456.43,doenca_grave,False,False,False,False,False,False,0
19,professor,6543.4,casado,False,376655.02,morte,False,False,False,False,True,False,1
64,analista,8478.02,viúvo,False,806174.03,morte,False,True,False,False,True,True,1
30,professor,12548.66,solteiro,False,945901.96,invalidez,True,True,True,True,False,False,1
40,analista,4097.64,solteiro,True,370848.02,morte,False,True,True,False,False,False,1
67,motorista,15654.79,divorciado,True,860737.74,doenca_grave,False,True,True,False,False,True,1
24,autônomo,12639.82,solteiro,True,531940.44,morte,False,False,False,True,False,False,1
66,vendedor,10519.59,solteiro,True,664738.32,invalidez,False,True,True,False,True,True,1
69,atendente,7550.95,casado,True,302714.85,doenca_grave,False,True,False,True,False,True,1
26,autônomo,9204.75,viúvo,False,954248.51,doenca_grave,False,True,True,True,True,True,1
23,engenheiro,7049.81,casado,False,108394.91,morte,False,False,False,True,False,False,0
43,analista,14344.94,divorciado,False,913769.31,morte,False,False,False,True,False,False,1
59,professor,17875.26,viúvo,False,893291.15,doenca_grave,False,True,True,True,False,False,1
64,analista,15086.99,casado,False,253047.79,doenca_grave,False,False,False,True,True,True,0
68,vendedor,12298.32,casado,False,740183.78,doenca_grave,True,True,True,False,True,True,1
66,analista,18891.38,viúvo,False,593813.52,morte,False,False,False,True,False,False,0
36,analista,15932.52,casado,False,543683.32,morte,True,False,True,False,False,True,0
27,analista,9145.58,viúvo,True,137636.18,invalidez,False,False,False,False,False,False,0
34,vendedor,10527.84,viúvo,False,704566.97,invalidez,False,False,True,True,False,False,1
26,analista,10799.21,solteiro,True,482660.76,morte,False,False,True,True,False,True,1
25,engenheiro,11906.35,solteiro,True,161855.1,invalidez,False,True,False,True,True,False,0
21,engenheiro,17903.18,casado,True,828168.82,invalidez,True,False,True,True,False,False,1
54,engenheiro,11792.94,divorciado,False,501466.17,doenca_grave,False,True,True,False,False,False,1
27,autônomo,14856.63,solteiro,False,417873.37,invalidez,True,True,False,False,False,True,0
28,analista,1568.8,divorciado,True,661718.48,morte,True,False,False,True,True,False,1
50,motorista,3373.35,casado,True,311214.4,morte,True,False,False,False,True,False,1
43,vendedor,1950.19,solteiro,False,465166.55,invalidez,True,False,True,True,True,True,1
52,professor,6493.15,casado,False,779889.46,morte,True,False,True,False,True,True,1
63,motorista,6732.66,solteiro,False,185337.52,invalidez,True,False,False,True,True,True,0
66,vendedor,12175.95,viúvo,False,951889.2,invalidez,True,False,False,False,True,False,1
58,professor,18369.59,solteiro,False,576371.5,doenca_grave,False,True,False,True,False,False,0
46,motorista,17094.65,casado,True,404639.96,morte,False,False,False,False,True,True,0
47,autônomo,12831.8,casado,True,107166.28,invalidez,True,True,False,False,True,False,0
20,professor,15070.56,solteiro,False,135229.35,doenca_grave,True,True,False,False,False,True,0
57,vendedor,19195.18,divorciado,False,653411.39,doenca_grave,False,True,False,False,True,False,0
56,engenheiro,1400.03,casado,True,628347.41,morte,False,False,False,False,False,True,1
68,analista,13408.94,solteiro,False,688633.62,invalidez,False,True,False,False,True,True,1
25,atendente,8102.08,casado,False,58895.14,doenca_grave,True,True,False,False,True,True,0
57,analista,6830.07,casado,True,981113.16,invalidez,True,False,False,True,True,True,1
58,atendente,3196.89,divorciado,False,211953.24,morte,False,False,False,True,True,True,1
65,motorista,3508.44,casado,False,232258.97,doenca_grave,True,False,False,False,False,True,1
45,analista,13821.59,solteiro,False,460920.76,invalidez,True,False,False,False,True,True,0
21,engenheiro,18457.6,viúvo,False,54901.32,morte,True,False,False,True,False,True,0
33,professor,4208.7,divorciado,True,644694.95,morte,True,False,True,False,False,True,1
24,atendente,5604.99,divorciado,True,830552.11,doenca_grave,False,False,False,False,True,False,1
55,motorista,2716.61,solteiro,True,408525.38,doenca_grave,True,True,False,False,True,False,1
57,analista,9261.76,solteiro,True,581295.15,invalidez,False,False,False,False,True,True,1
47,atendente,9873.55,viúvo,True,372635.65,doenca_grave,False,False,True,True,True,True,1
18,vendedor,14581.36,casado,True,655495.55,invalidez,True,False,False,True,True,True,1
69,motorista,2243.28,divorciado,False,537469.45,doenca_grave,False,True,False,True,True,False,1
37,vendedor,7580.82,divorciado,True,541796.56,doenca_grave,False,True,False,True,False,False,1
30,professor,13206.49,casado,True,374474.33,doenca_grave,False,False,False,False,False,False,0
44,engenheiro,4167.09,viúvo,True,521134.14,morte,False,False,False,True,True,False,1
65,autônomo,19103.92,divorciado,False,245050.54,morte,False,True,True,False,True,True,0
27,engenheiro,9423.71,divorciado,True,976543.81,morte,True,True,False,True,False,True,1
29,professor,1506.2,divorciado,True,69944.07,doenca_grave,True,False,False,False,True,False,1
47,professor,8086.21,divorciado,True,944103.67,doenca_grave,False,False,True,True,True,True,1
30,vendedor,8247.9,divorciado,False,619571.7,doenca_grave,True,True,False,True,False,True,1
38,professor,2106.59,divorciado,True,858927.51,doenca_grave,False,True,True,False,True,True,1
50,atendente,15299.72,divorciado,False,542947.75,morte,True,True,False,False,False,False,1
55,atendente,13160.2,solteiro,True,258549.97,morte,False,True,True,False,False,True,0
41,engenheiro,11505.43,casado,True,330295.62,doenca_grave,True,False,False,False,False,False,0
47,atendente,8829.21,viúvo,False,309368.49,morte,True,True,False,False,True,False,1
50,vendedor,11431.72,solteiro,False,930275.62,morte,True,True,False,False,True,False,1
34,engenheiro,15184.49,divorciado,True,720360.51,morte,False,False,False,False,True,False,1
36,autônomo,7651.35,viúvo,False,830768.25,doenca_grave,True,False,False,True,False,True,1
32,analista,15258.69,viúvo,True,540034.08,doenca_grave,False,False,False,True,False,True,1
45,autônomo,18902.47,viúvo,True,466746.76,doenca_grave,True,True,False,False,True,False,0
69,analista,16868.25,divorciado,True,448189.95,doenca_grave,False,False,False,False,False,True,0
54,autônomo,1708.75,casado,True,978381.17,invalidez,False,False,False,False,False,True,1
43,motorista,11201.87,casado,False,153206.44,doenca_grave,False,False,True,True,True,True,0
20,autônomo,14122.56,viúvo,True,227357.5,morte,False,True,True,False,True,False,0
21,engenheiro,10900.25,casado,False,866721.98,invalidez,True,False,True,False,False,True,1
42,autônomo,5002.47,casado,False,460590.64,doenca_grave,False,True,False,False,True,False,1
35,professor,1240.68,casado,False,110771.54,invalidez,False,True,True,False,False,False,1
54,motorista,15034.79,divorciado,False,379442.75,doenca_grave,False,True,False,True,False,True,0
29,vendedor,14958.31,viúvo,False,915291.44,morte,False,True,False,True,True,True,1
35,analista,11263.24,solteiro,True,913299.65,invalidez,False,False,False,True,True,False,1
44,atendente,4215.46,casado,True,489059.11,morte,False,False,False,False,False,True,1
43,motorista,1302.94,solteiro,True,360754.84,doenca_grave,False,False,True,True,False,True,1
48,autônomo,6375.78,casado,True,846571.06,doenca_grave,True,True,False,False,True,True,1
60,autônomo,1311.88,divorciado,True,468625.09,morte,True,True,False,True,False,True,1
58,autônomo,10982.33,solteiro,False,705829.38,invalidez,True,True,False,True,True,False,1
33,professor,2827.2,viúvo,True,989826.09,invalidez,False,False,True,True,True,True,1
20,atendente,10786.25,divorciado,False,583951.41,morte,False,False,True,False,True,True,1
31,motorista,7839.29,casado,True,432032.52,invalidez,True,True,True,False,False,True,1
22,professor,8869.73,viúvo,True,726904.55,doenca_grave,True,False,False,False,True,False,1
29,analista,15496.44,divorciado,False,114137.81,morte,False,False,True,True,True,True,0
19,vendedor,15443.99,solteiro,False,274576.51,invalidez,False,False,True,False,False,False,0
30,professor,8201.64,solteiro,True,927238.68,doenca_grave,False,False,False,True,False,False,1
59,autônomo,15473.33,viúvo,False,763023.37,morte,False,True,True,True,True,True,1
56,autônomo,8310.08,divorciado,True,470242.85,morte,True,False,False,True,True,True,1
26,motorista,4382.47,casado,True,532053.32,invalidez,False,True,False,True,False,True,1
56,professor,6828.6,viúvo,True,308267.75,invalidez,True,False,True,True,False,False,1
45,vendedor,12617.55,viúvo,True,828623.62,invalidez,True,True,False,False,True,True,1
34,atendente,9863.01,viúvo,False,406389.54,doenca_grave,False,True,False,True,True,True,1
18,motorista,17385.28,divorciado,False,434327.5,invalidez,False,False,True,False,False,True,0
44,motorista,19857.73,solteiro,False,935523.08,morte,True,False,True,False,False,False,1
62,motorista,13402.13,viúvo,True,280235.23,morte,False,True,False,True,True,False,0
56,atendente,18946.61,casado,False,285044.06,doenca_grave,False,False,True,True,False,False,0
63,vendedor,19511.35,solteiro,True,882205.86,morte,False,True,True,False,False,False,1
66,analista,17532.0,solteiro,False,823516.62,invalidez,False,False,True,False,True,True,1
49,motorista,2930.86,viúvo,False,671795.13,doenca_grave,False,True,True,True,True,False,1
29,vendedor,19026.33,viúvo,True,226356.14,morte,False,False,True,False,False,True,0
58,professor,2608.41,solteiro,False,168447.5,morte,True,False,False,True,True,True,1
35,autônomo,19153.54,solteiro,True,250514.94,morte,True,False,False,False,False,False,0
66,engenheiro,12522.62,divorciado,False,697767.0,invalidez,False,False,False,False,False,True,1
40,autônomo,7341.82,solteiro,True,484073.3,doenca_grave,False,False,False,True,True,False,1
62,autônomo,16504.48,divorciado,False,637434.11,doenca_grave,False,False,False,True,False,True,1
58,engenheiro,17607.91,divorciado,False,271880.72,invalidez,False,False,True,False,False,True,0
64,atendente,6654.01,casado,True,876365.79,doenca_grave,False,False,True,False,True,False,1
61,vendedor,19758.45,viúvo,True,901588.15,morte,False,False,True,True,True,True,1
45,analista,1652.29,divorciado,False,777993.38,morte,False,False,False,True,True,False,1
23,autônomo,14174.73,casado,True,661787.21,invalidez,False,False,False,False,True,True,1
34,motorista,6599.46,solteiro,True,373225.96,doenca_grave,False,False,True,False,True,False,1
42,vendedor,15027.75,divorciado,True,610556.79,morte,False,False,True,False,True,True,1
24,atendente,1273.66,viúvo,False,187465.75,invalidez,False,False,False,False,True,True,1
56,engenheiro,6938.05,solteiro,False,997006.17,doenca_grave,False,False,True,False,False,True,1
69,engenheiro,3986.07,casado,True,715387.04,morte,False,False,False,False,False,True,1
19,vendedor,8514.2,viúvo,False,990798.58,invalidez,True,False,True,True,False,True,1
26,engenheiro,15317.84,solteiro,False,484655.88,morte,False,False,False,True,True,True,0
69,analista,4797.88,solteiro,False,739659.64,doenca_grave,True,False,False,False,False,True,1
21,motorista,7820.53,viúvo,True,947810.04,morte,False,False,False,True,False,True,1
20,motorista,5652.17,viúvo,False,703584.9,morte,False,True,False,True,False,False,1
35,analista,13445.39,divorciado,True,164000.37,morte,True,False,False,True,True,False,0
35,analista,15187.29,casado,False,509981.9,doenca_grave,False,True,True,False,True,True,0
43,autônomo,14344.02,viúvo,False,110735.08,doenca_grave,False,False,False,True,True,True,0
56,analista,4500.82,viúvo,False,166893.04,morte,False,False,True,False,True,True,1
25,vendedor,6743.12,casado,False,978247.94,doenca_grave,True,True,False,False,False,True,1
54,atendente,14237.42,divorciado,True,703533.79,doenca_grave,False,True,True,False,True,True,1
56,vendedor,5183.16,divorciado,False,172067.51,doenca_grave,False,False,True,True,False,False,0
23,engenheiro,13886.34,casado,True,117030.14,doenca_grave,True,False,False,False,True,False,0
27,engenheiro,19857.29,viúvo,False,74614.37,doenca_grave,True,True,False,False,True,False,0
58,motorista,7957.29,divorciado,False,189013.15,morte,True,True,False,True,False,True,0
68,motorista,4421.32,divorciado,False,140763.53,invalidez,False,False,False,True,True,True,0
38,autônomo,8462.75,divorciado,False,503018.78,morte,True,False,False,True,True,False,1
54,analista,6153.29,divorciado,True,694304.46,invalidez,False,True,False,False,False,False,1
45,vendedor,18897.7,casado,False,653853.49,morte,False,False,True,True,True,True,0
64,professor,18957.99,casado,True,130355.86,invalidez,False,False,False,False,True,False,0
49,vendedor,14048.8,solteiro,False,63205.25,morte,False,False,False,False,True,True,0
56,atendente,19331.84,casado,True,121366.26,morte,False,False,False,False,True,False,0
25,engenheiro,18375.45,casado,True,325561.5,invalidez,True,True,False,False,True,False,0
59,vendedor,16706.25,solteiro,False,897869.21,invalidez,True,True,False,False,False,True,1
18,engenheiro,17924.71,casado,False,386805.71,morte,False,True,False,True,False,True,0
49,motorista,4041.41,divorciado,True,497163.75,invalidez,True,False,True,False,True,False,1
60,autônomo,9403.84,casado,False,759736.53,morte,True,False,True,True,False,True,1
26,atendente,9057.95,divorciado,True,202296.88,morte,False,False,False,True,False,False,0
53,atendente,16216.6,casado,False,763535.41,invalidez,False,False,False,False,True,True,1
24,autônomo,1499.78,casado,False,525000.88,doenca_grave,True,False,True,True,False,False,1
36,engenheiro,10284.06,viúvo,True,636732.5,doenca_grave,False,True,False,False,True,False,1
30,atendente,14452.11,solteiro,True,229235.55,doenca_grave,False,True,True,False,True,False,0
30,professor,9157.13,casado,True,871132.61,invalidez,False,True,False,True,True,False,1
45,atendente,2259.51,viúvo,True,339075.49,invalidez,True,False,False,True,False,True,1
29,motorista,1110.13,divorciado,True,321051.12,invalidez,False,True,True,False,False,False,1
37,motorista,2931.17,solteiro,True,364651.15,doenca_grave,False,False,False,False,True,False,1
31,vendedor,8358.53,solteiro,True,648080.7,doenca_grave,True,False,False,True,True,False,1
24,motorista,18900.36,divorciado,False,739083.13,morte,False,True,True,False,False,False,1
41,atendente,13004.44,solteiro,False,114323.07,invalidez,False,False,False,True,False,True,0
36,motorista,19164.68,solteiro,True,753679.44,invalidez,False,False,False,True,True,False,1
66,vendedor,8360.44,viúvo,False,626857.46,morte,True,True,True,True,False,False,1
37,autônomo,5264.36,divorciado,True,212553.64,morte,False,True,False,False,True,False,1
68,motorista,13241.61,casado,True,557865.18,morte,False,False,False,False,True,False,1
64,professor,8817.68,divorciado,False,985998.22,doenca_grave,False,False,True,False,True,False,1
19,vendedor,13523.3,solteiro,False,948373.49,invalidez,False,False,False,False,True,False,1
35,professor,12093.45,viúvo,True,473753.11,doenca_grave,False,True,False,True,False,True,1
47,professor,16514.8,casado,True,591175.09,doenca_grave,True,True,True,True,False,True,1
22,professor,2461.72,casado,False,913674.5,invalidez,True,False,False,True,True,False,1
42,motorista,3179.67,solteiro,True,175570.09,morte,True,False,False,True,True,False,1
63,motorista,4923.88,viúvo,False,824691.68,invalidez,True,True,True,False,True,True,1
20,motorista,11393.74,solteiro,False,184743.28,morte,True,False,True,False,True,False,0
61,analista,16650.63,solteiro,False,211081.11,morte,True,False,True,True,False,True,0
41,motorista,18026.58,casado,True,457196.98,invalidez,False,False,True,False,False,False,0
24,engenheiro,18416.83,divorciado,False,820183.44,doenca_grave,False,False,False,True,True,False,1
27,atendente,9542.54,viúvo,True,157505.83,invalidez,False,True,True,True,True,False,0
40,engenheiro,10440.5,viúvo,False,621655.96,doenca_grave,True,False,False,True,False,False,1
53,atendente,11282.32,viúvo,True,415395.89,doenca_grave,False,False,False,True,True,True,1
41,motorista,4941.99,solteiro,False,580455.74,morte,False,True,True,True,False,False,1
27,autônomo,17227.6,viúvo,True,250200.5,morte,True,True,False,True,False,True,0
62,atendente,8124.83,solteiro,True,502985.24,doenca_grave,False,True,True,True,True,True,1
18,vendedor,16807.19,viúvo,True,777146.82,invalidez,False,False,False,False,False,False,1
64,engenheiro,9491.1,solteiro,False,155703.33,morte,False,True,False,True,True,False,0
45,analista,19021.77,viúvo,False,923192.72,doenca_grave,True,True,False,False,True,False,1
26,analista,5104.23,solteiro,True,422676.41,doenca_grave,False,False,True,False,False,False,1
59,analista,8756.39,viúvo,True,101938.08,invalidez,False,True,True,True,False,False,0
19,professor,6433.71,solteiro,True,251314.45,morte,False,True,False,True,True,False,1
23,vendedor,11774.66,viúvo,True,95646.46,morte,False,True,True,False,False,True,0
38,autônomo,8483.12,divorciado,True,717523.97,morte,True,False,False,True,True,False,1
48,vendedor,17520.55,solteiro,False,203161.85,doenca_grave,False,False,True,True,True,True,0
67,analista,4143.79,divorciado,False,796084.27,invalidez,True,False,False,True,False,True,1
31,vendedor,12569.98,casado,False,142535.74,morte,True,False,False,True,False,True,0
47,engenheiro,4307.66,divorciado,True,114753.75,doenca_grave,True,True,True,False,False,False,1
34,autônomo,17668.83,casado,True,973096.61,invalidez,True,False,False,True,False,False,1
50,autônomo,12905.54,divorciado,False,129316.02,invalidez,False,True,False,True,True,True,0
62,autônomo,11699.13,casado,True,326127.57,morte,False,False,True,False,True,False,0
47,atendente,13242.96,viúvo,True,131531.42,doenca_grave,True,False,True,False,True,False,0
39,motorista,7096.68,viúvo,True,717176.3,invalidez,True,False,False,False,True,True,1
38,vendedor,1692.01,viúvo,True,939636.68,invalidez,False,False,True,True,True,False,1
35,engenheiro,13114.49,solteiro,True,115796.1,invalidez,True,False,False,False,True,False,0
29,autônomo,2115.73,viúvo,False,965197.48,invalidez,True,True,False,False,True,False,1
40,analista,11878.99,solteiro,True,123918.28,doenca_grave,False,True,False,False,True,True,0
47,professor,10539.52,divorciado,True,802415.98,doenca_grave,False,False,True,False,True,False,1
58,vendedor,2941.73,casado,True,449167.3,doenca_grave,False,False,True,True,True,True,1
41,autônomo,7975.72,divorciado,False,526980.94,morte,False,False,False,False,False,False,1
52,atendente,10987.91,divorciado,True,930031.42,invalidez,False,True,False,False,False,False,1
60,analista,13957.33,divorciado,True,995595.06,morte,True,True,False,True,False,True,1
58,atendente,10613.53,solteiro,False,859119.99,morte,True,False,True,True,False,True,1
40,autônomo,18375.15,viúvo,False,57224.88,invalidez,False,False,True,False,False,False,0
61,professor,1178.58,viúvo,True,64753.56,morte,False,False,False,False,False,True,1
54,atendente,5670.61,viúvo,True,635454.52,invalidez,False,False,False,True,False,True,1
43,engenheiro,10876.54,viúvo,True,144599.03,morte,False,False,False,False,True,False,0
31,motorista,2862.72,viúvo,True,647449.42,doenca_grave,True,False,False,True,False,True,1
65,analista,3567.36,viúvo,False,227227.41,doenca_grave,False,True,False,True,False,False,1
60,motorista,6296.84,casado,True,656467.24,doenca_grave,False,True,False,True,True,True,1
36,engenheiro,18008.03,solteiro,True,519532.8,invalidez,False,True,True,True,False,True,0
49,analista,2542.31,viúvo,False,895227.84,doenca_grave,False,False,True,True,True,True,1
25,engenheiro,19881.68,viúvo,True,200468.85,doenca_grave,True,True,False,True,True,True,0
41,motorista,18083.02,solteiro,False,181636.77,morte,False,False,True,False,True,True,0
40,analista,11523.3,divorciado,False,757934.73,invalidez,False,False,False,False,True,True,1
61,autônomo,17870.25,divorciado,False,147749.87,doenca_grave,True,False,False,False,False,False,0
45,vendedor,15219.8,divorciado,True,626930.87,invalidez,True,True,False,True,False,True,1
20,vendedor,5882.9,viúvo,False,623687.99,doenca_grave,False,False,True,True,True,False,1
45,autônomo,4613.79,casado,True,254424.96,invalidez,True,False,True,False,True,False,1
31,atendente,11825.17,divorciado,True,583558.55,invalidez,True,True,True,False,True,False,1
61,autônomo,9325.39,divorciado,True,237267.09,invalidez,False,False,False,True,False,True,0
56,engenheiro,12273.13,casado,True,320785.07,doenca_grave,False,False,True,False,False,True,0
43,motorista,18031.18,solteiro,False,662536.88,morte,False,False,False,False,False,False,1
66,engenheiro,8666.51,divorciado,False,631704.61,invalidez,True,False,False,True,False,True,1
19,professor,2004.07,solteiro,True,149878.91,invalidez,False,False,True,True,True,False,1
52,motorista,18754.69,solteiro,False,889153.38,morte,True,False,True,False,False,False,1
62,professor,18579.82,viúvo,True,169974.27,morte,False,False,False,False,False,True,0
51,vendedor,5645.89,viúvo,False,977531.98,invalidez,False,False,True,False,True,False,1
53,autônomo,17597.29,casado,True,121387.18,invalidez,True,True,True,False,True,False,1
24,engenheiro,5043.7,divorciado,False,723086.74,doenca_grave,True,False,False,True,False,False,1
46,autônomo,12827.04,casado,False,228555.8,invalidez,False,False,False,True,True,False,0
24,analista,3182.76,solteiro,False,227678.28,morte,False,False,True,True,True,False,1
45,professor,3946.72,viúvo,False,100499.22,invalidez,True,True,True,False,True,False,1
30,atendente,4438.59,divorciado,False,542687.54,morte,False,False,False,True,True,True,1
20,vendedor,6130.77,solteiro,True,311686.5,doenca_grave,False,False,True,True,False,False,1
31,professor,15950.25,divorciado,False,720560.68,invalidez,False,True,False,False,False,True,1
28,engenheiro,13979.26,casado,True,365547.55,invalidez,True,True,False,False,True,True,0
34,motorista,4326.7,solteiro,False,971064.45,doenca_grave,True,False,False,True,True,False,1
32,vendedor,10609.47,casado,True,144992.84,doenca_grave,True,False,True,False,False,False,0
41,atendente,1356.3,divorciado,False,724649.29,doenca_grave,False,False,False,False,True,False,1
61,vendedor,14863.27,solteiro,True,979705.57,morte,False,True,False,True,False,False,1
31,analista,2787.28,viúvo,True,967180.41,doenca_grave,False,False,False,True,False,False,1
39,atendente,12234.89,divorciado,False,231044.03,doenca_grave,False,True,False,False,False,False,0
36,motorista,19422.98,viúvo,True,493001.6,morte,False,True,False,True,False,False,0
36,motorista,16215.94,solteiro,False,88905.44,invalidez,False,True,False,True,False,False,0
60,autônomo,1112.13,divorciado,True,382707.32,invalidez,False,False,False,True,True,False,1
27,analista,4818.15,solteiro,False,257914.88,invalidez,False,True,False,False,False,False,1
24,engenheiro,18491.67,divorciado,True,585712.23,doenca_grave,False,False,True,True,False,True,0
44,vendedor,4870.99,divorciado,True,332467.44,doenca_grave,False,True,False,False,True,True,1
51,atendente,14219.12,divorciado,False,386484.15,invalidez,False,False,True,True,False,True,0
66,professor,12727.44,divorciado,True,601306.3,invalidez,True,False,False,False,True,False,1
26,atendente,13764.5,viúvo,False,847238.14,morte,True,False,False,False,True,False,1
54,atendente,14152.21,solteiro,True,753449.29,doenca_grave,False,False,False,True,False,True,1
32,analista,13189.73,casado,False,646827.49,doenca_grave,False,True,False,True,True,True,1
18,professor,12511.64,solteiro,True,284845.78,morte,False,False,False,True,True,False,0
43,atendente,19672.96,casado,False,830602.14,doenca_grave,False,False,True,True,True,True,1
27,autônomo,15172.91,casado,True,535939.25,doenca_grave,False,False,True,True,False,False,1
60,engenheiro,8493.48,solteiro,False,446051.65,invalidez,True,True,True,False,True,False,1
20,analista,13392.98,viúvo,True,912702.92,invalidez,False,False,False,False,True,True,1
40,vendedor,17275.37,casado,False,907423.0,doenca_grave,True,True,False,False,False,False,1
63,autônomo,15968.57,divorciado,False,927303.09,morte,False,False,True,False,True,False,1
26,analista,7225.05,divorciado,False,114191.47,morte,False,True,True,True,False,False,0
38,autônomo,5476.0,casado,True,904804.59,morte,False,True,False,True,True,False,1
25,motorista,17104.56,solteiro,False,775184.35,doenca_grave,False,True,True,True,False,False,1
26,analista,11944.44,casado,True,289870.2,invalidez,False,True,False,False,True,True,0
55,motorista,12990.29,solteiro,True,81577.23,morte,False,True,False,True,False,True,0
61,analista,19201.35,viúvo,True,840782.76,doenca_grave,False,False,True,True,True,False,1
45,analista,8208.63,solteiro,True,170832.76,doenca_grave,True,True,True,False,True,True,1
36,autônomo,5851.12,divorciado,True,878820.41,morte,False,True,False,False,False,True,1
52,analista,17955.18,viúvo,False,670570.4,morte,True,True,True,True,True,True,1
53,autônomo,14970.19,solteiro,True,518877.36,doenca_grave,False,False,False,True,False,True,0
44,vendedor,15072.57,solteiro,False,949270.64,invalidez,False,True,False,True,False,False,1
48,engenheiro,15871.14,casado,True,934684.21,morte,False,False,False,False,True,False,1
21,atendente,15571.38,casado,False,716270.9,doenca_grave,True,False,False,False,False,True,1
39,atendente,18451.5,casado,True,137391.27,morte,True,False,False,True,True,True,0
21,motorista,2170.77,viúvo,True,318466.18,invalidez,True,False,True,False,True,False,1
48,analista,3412.91,solteiro,True,287688.91,doenca_grave,True,False,False,True,False,False,1
41,autônomo,11521.57,casado,False,352916.0,doenca_grave,False,True,False,False,False,True,0
31,professor,17002.94,casado,False,754813.23,morte,True,False,False,True,True,False,1
59,autônomo,9676.12,solteiro,True,523962.12,morte,True,False,True,True,True,False,1
57,atendente,10462.26,viúvo,False,471818.75,morte,True,True,False,True,False,True,1
52,autônomo,7673.51,solteiro,False,926563.75,invalidez,False,False,False,False,False,False,1
68,analista,18649.91,solteiro,True,575629.45,doenca_grave,False,True,False,False,False,False,0
28,atendente,9932.58,casado,True,912326.96,invalidez,False,False,True,True,False,False,1
54,atendente,1829.66,divorciado,False,305309.98,invalidez,False,False,False,True,False,False,1
34,autônomo,4479.03,viúvo,True,467913.82,invalidez,True,True,False,True,False,True,1
55,motorista,6324.82,divorciado,True,468417.54,invalidez,False,True,False,True,True,True,1
27,autônomo,12779.24,solteiro,True,158724.23,morte,True,False,False,False,True,True,0
21,analista,19848.25,divorciado,True,694468.43,invalidez,False,True,True,True,True,False,0
25,vendedor,2563.81,casado,False,591847.6,doenca_grave,False,False,False,True,True,False,1
56,autônomo,7909.42,viúvo,False,497150.78,invalidez,False,True,True,True,True,True,1
56,professor,16371.85,divorciado,True,409897.71,doenca_grave,True,False,True,True,True,True,0
54,vendedor,19958.67,viúvo,True,855215.33,doenca_grave,False,False,False,False,False,False,1
30,autônomo,11972.11,casado,False,280919.68,invalidez,True,True,False,True,False,False,0
41,motorista,7752.51,solteiro,False,670663.43,doenca_grave,True,False,True,True,True,False,1
61,vendedor,13685.56,divorciado,False,374493.21,morte,True,False,False,False,True,True,0
47,motorista,4251.97,viúvo,False,777234.08,doenca_grave,False,False,True,True,False,True,1
62,professor,19809.74,casado,False,909047.37,invalidez,True,False,True,False,True,False,1
39,vendedor,12605.52,solteiro,True,120064.92,invalidez,False,False,False,False,False,False,0
62,professor,14962.08,solteiro,True,900819.21,doenca_grave,False,False,False,False,False,True,1
50,analista,12214.73,solteiro,True,332481.11,invalidez,True,False,False,False,False,False,0
42,engenheiro,15412.97,casado,True,823287.82,doenca_grave,False,False,False,False,False,True,1
40,engenheiro,4229.7,divorciado,False,512303.94,morte,False,True,False,True,True,False,1
27,motorista,5009.33,casado,True,618471.96,morte,False,False,False,True,False,True,1
41,professor,6426.73,viúvo,False,544849.2,invalidez,True,True,False,True,False,False,1
49,engenheiro,2741.73,casado,False,745052.06,morte,False,False,False,True,True,False,1
28,vendedor,7437.87,viúvo,True,721469.31,invalidez,False,True,True,False,True,True,1
58,analista,1250.64,casado,False,878509.08,morte,False,True,True,True,False,False,1
26,professor,13097.2,solteiro,True,53037.82,morte,False,False,False,True,False,False,0
57,atendente,13026.4,casado,False,510021.41,doenca_grave,False,False,False,False,False,False,1
68,analista,8512.77,divorciado,False,330646.36,morte,True,False,False,False,False,False,1
38,professor,13619.7,solteiro,True,491499.14,invalidez,False,True,True,True,False,False,1
56,atendente,14088.49,solteiro,False,304527.67,morte,False,False,True,False,False,False,0
44,atendente,16390.68,viúvo,False,297664.41,morte,True,False,True,True,False,False,0
44,professor,11920.36,casado,True,790574.4,morte,False,False,True,True,True,False,1
23,autônomo,14419.41,divorciado,True,672185.0,doenca_grave,True,False,False,False,True,False,1
69,professor,18311.36,divorciado,False,254834.34,doenca_grave,True,True,False,True,False,False,0
20,professor,6450.4,solteiro,True,649977.73,doenca_grave,True,True,True,False,False,True,1
65,engenheiro,17391.49,solteiro,True,529284.18,doenca_grave,False,False,True,True,True,False,0
30,autônomo,12547.57,divorciado,False,453895.07,doenca_grave,True,True,True,False,False,False,1
36,atendente,2858.88,viúvo,False,509182.04,doenca_grave,False,True,True,False,False,False,1
66,vendedor,14605.54,viúvo,True,598985.51,morte,True,True,True,True,False,False,1
27,autônomo,13005.37,solteiro,True,582841.15,morte,False,False,True,True,False,False,1
51,analista,16969.39,casado,True,779038.06,invalidez,False,False,False,True,False,False,1
18,engenheiro,14148.51,viúvo,False,347365.37,doenca_grave,True,False,False,True,True,False,0
62,motorista,8200.47,solteiro,True,543942.07,morte,True,False,False,True,False,False,1
28,analista,16279.6,viúvo,True,761543.76,doenca_grave,False,True,True,False,False,False,1
57,engenheiro,11756.02,casado,True,325686.94,doenca_grave,True,False,False,False,False,False,0
31,engenheiro,18621.8,casado,True,548159.53,invalidez,True,False,True,True,True,False,0
62,professor,4866.16,solteiro,False,364483.37,morte,False,False,True,True,False,True,1
30,engenheiro,6471.15,viúvo,False,398911.06,invalidez,False,False,False,True,True,True,1
24,analista,5190.74,casado,False,585476.78,morte,False,False,False,False,False,False,1
31,professor,1150.48,casado,True,136771.36,doenca_grave,True,True,False,False,True,True,1
26,vendedor,16356.73,viúvo,False,360734.9,doenca_grave,False,True,True,False,False,False,0
37,autônomo,10965.53,solteiro,True,957592.12,doenca_grave,False,False,False,False,False,False,1
61,motorista,11644.41,viúvo,False,219111.79,invalidez,False,False,True,False,True,True,0
42,engenheiro,4483.21,solteiro,True,469976.54,doenca_grave,True,False,True,False,False,True,1
56,engenheiro,1733.68,divorciado,False,428379.3,doenca_grave,False,True,True,True,False,False,1
49,professor,10048.18,solteiro,True,401057.17,doenca_grave,False,True,False,True,True,False,1
25,motorista,9479.84,solteiro,False,142601.69,doenca_grave,True,False,False,True,False,False,0
63,professor,18218.2,divorciado,True,943517.9,invalidez,False,False,True,True,True,False,1
23,professor,9480.24,divorciado,True,704280.87,invalidez,True,False,False,True,False,False,1
53,engenheiro,3324.81,viúvo,True,587879.82,invalidez,True,False,True,True,True,False,1
55,analista,19352.97,casado,True,256649.56,invalidez,False,False,False,False,True,True,0
37,motorista,8268.97,divorciado,True,315015.23,doenca_grave,True,True,True,True,True,False,1
34,analista,9408.41,solteiro,False,387395.45,invalidez,True,False,False,True,True,False,1
27,vendedor,11848.64,viúvo,False,663707.58,doenca_grave,False,True,False,False,True,True,1
34,professor,9939.31,solteiro,True,541178.33,doenca_grave,True,True,False,False,False,True,1
38,analista,3077.19,divorciado,True,200812.97,invalidez,True,False,True,False,False,True,1
47,vendedor,4618.44,solteiro,False,818760.27,invalidez,False,False,False,False,True,False,1
64,engenheiro,12457.8,viúvo,False,335164.63,morte,False,False,False,False,False,False,0
54,atendente,12309.14,casado,True,926235.92,doenca_grave,False,False,True,True,True,False,1
68,motorista,19439.14,divorciado,True,811415.14,invalidez,True,False,False,True,True,False,1
37,motorista,4588.82,casado,False,135658.55,morte,True,False,False,True,False,True,0
40,motorista,9998.13,viúvo,True,917191.39,doenca_grave,True,False,True,True,False,True,1
38,autônomo,18776.46,viúvo,False,903120.23,doenca_grave,False,False,True,True,False,False,1
60,analista,19437.27,solteiro,True,891308.72,morte,False,True,True,True,False,True,1
59,professor,3709.71,casado,True,250670.73,invalidez,True,True,True,True,False,False,1
42,analista,16622.1,solteiro,False,960587.11,invalidez,True,True,False,True,False,True,1
40,analista,14947.48,viúvo,True,202839.59,morte,False,True,False,False,False,False,0
67,motorista,6825.84,divorciado,True,623454.24,invalidez,False,False,False,False,True,True,1
45,vendedor,15456.64,solteiro,True,56608.89,doenca_grave,False,True,False,False,False,True,0
47,engenheiro,1853.06,viúvo,False,398748.91,doenca_grave,False,True,True,False,True,False,1
29,engenheiro,7845.13,solteiro,False,358400.92,doenca_grave,True,True,False,False,True,True,1
23,vendedor,2887.42,casado,False,459545.52,invalidez,True,False,False,False,True,True,1
38,engenheiro,1823.63,solteiro,False,537000.67,doenca_grave,True,False,False,False,False,True,1
29,analista,5954.62,solteiro,False,966902.05,morte,False,False,False,True,True,False,1
54,atendente,5167.46,viúvo,False,759526.3,morte,True,False,False,True,False,False,1
18,atendente,5014.88,viúvo,True,311030.23,invalidez,False,False,True,True,True,True,1
63,engenheiro,5277.99,divorciado,False,608518.46,doenca_grave,False,False,False,True,False,False,1
38,engenheiro,16647.68,casado,False,861638.19,invalidez,True,False,False,False,False,True,1
60,autônomo,11897.82,solteiro,False,583259.45,invalidez,True,False,False,False,False,False,1
46,analista,9933.48,casado,True,643051.88,doenca_grave,False,False,True,False,False,True,1
42,vendedor,3589.08,solteiro,True,425962.21,morte,False,False,True,True,False,False,1
40,autônomo,5215.52,divorciado,False,781974.69,doenca_grave,True,False,False,False,False,True,1
43,atendente,15404.05,divorciado,False,199119.41,morte,False,True,False,False,True,True,0
42,vendedor,13443.67,viúvo,False,229431.21,morte,False,True,False,True,False,True,0
38,vendedor,5823.88,viúvo,True,954253.78,morte,False,False,False,True,True,False,1
41,analista,17630.89,casado,False,940283.84,morte,True,True,False,True,False,False,1
33,analista,12501.41,casado,True,974165.02,doenca_grave,False,False,False,True,True,False,1
64,motorista,1230.09,solteiro,False,873709.58,invalidez,False,True,False,False,True,True,1
46,atendente,16744.55,solteiro,False,821079.27,doenca_grave,False,True,False,False,False,True,1
24,professor,17109.63,solteiro,True,398141.28,doenca_grave,True,False,False,True,False,True,0
39,analista,14211.23,viúvo,False,764877.35,invalidez,True,False,True,False,False,False,1
56,motorista,15489.0,casado,False,74643.46,invalidez,False,False,True,True,False,False,0
63,atendente,13824.97,casado,True,189199.83,invalidez,False,True,True,True,False,True,0
55,motorista,6003.06,viúvo,False,637536.99,morte,False,False,False,False,False,False,1
49,analista,4296.38,viúvo,True,509798.5,invalidez,True,False,True,False,True,True,1
27,engenheiro,12603.32,solteiro,True,388676.39,invalidez,False,False,True,True,True,False,0
60,motorista,8631.48,solteiro,False,532045.68,invalidez,False,False,False,True,True,False,1
54,vendedor,5786.67,divorciado,True,705214.09,doenca_grave,False,True,False,True,True,False,1
53,engenheiro,2826.69,casado,True,910833.92,morte,False,True,True,False,False,True,1
52,autônomo,2065.46,solteiro,True,504384.09,invalidez,True,True,False,True,False,False,1
54,motorista,12094.39,solteiro,False,788526.07,morte,False,False,False,True,False,False,1
56,engenheiro,10410.24,casado,False,531928.33,doenca_grave,True,False,True,True,False,False,1
61,vendedor,10607.88,viúvo,True,978367.55,morte,False,True,False,False,False,True,1
29,motorista,15472.27,divorciado,True,929030.57,invalidez,True,False,False,True,True,True,1
31,engenheiro,10583.64,divorciado,False,147771.26,invalidez,False,True,False,False,True,True,0
67,atendente,15951.83,casado,True,359397.2,doenca_grave,False,False,False,False,True,False,0
48,autônomo,16870.9,divorciado,True,340920.77,doenca_grave,True,False,False,False,False,False,0
18,autônomo,18865.76,solteiro,False,385931.36,morte,False,False,True,True,True,False,0
36,autônomo,8158.68,divorciado,False,801373.97,invalidez,False,False,False,False,False,True,1
22,professor,4131.9,viúvo,False,954443.1,morte,False,True,False,False,True,False,1
56,vendedor,8187.86,solteiro,True,657647.23,invalidez,False,False,True,False,True,True,1
38,autônomo,14943.29,casado,True,610317.9,doenca_grave,True,True,True,False,False,True,1
26,autônomo,15651.22,divorciado,False,909848.32,invalidez,False,True,True,True,False,False,1
39,professor,13907.94,divorciado,False,623436.05,morte,True,False,False,False,True,True,1
50,engenheiro,1406.2,viúvo,True,961798.85,invalidez,False,False,False,True,True,True,1
53,autônomo,3223.13,casado,True,595228.98,invalidez,False,False,False,False,False,False,1
46,analista,3976.68,divorciado,True,222590.13,doenca_grave,True,False,False,False,True,False,1
54,engenheiro,1220.09,viúvo,True,58111.01,invalidez,False,True,True,False,False,True,1
67,autônomo,11956.89,divorciado,True,229405.01,morte,True,True,True,True,True,False,1
22,engenheiro,17553.51,casado,True,241616.36,morte,False,True,False,True,False,True,0
26,atendente,3426.78,viúvo,True,471754.84,doenca_grave,False,True,True,False,False,True,1
31,autônomo,8291.54,solteiro,True,970781.59,doenca_grave,False,False,True,True,True,False,1
65,vendedor,7873.58,divorciado,False,231432.09,morte,False,True,True,True,False,True,1
18,atendente,16284.48,viúvo,True,386947.04,invalidez,False,False,False,False,True,True,0
59,analista,16412.2,viúvo,True,953743.69,invalidez,False,False,True,True,True,True,1
26,vendedor,4043.83,viúvo,True,108122.39,morte,False,False,True,False,True,False,0
29,professor,18795.91,casado,True,396814.61,morte,False,True,True,False,False,False,0
57,engenheiro,1638.24,solteiro,False,77072.05,invalidez,True,False,False,True,False,True,1
28,motorista,1382.34,casado,True,448888.73,morte,True,False,False,False,True,True,1
37,atendente,9973.3,divorciado,True,356732.64,doenca_grave,True,False,False,False,False,True,1
26,professor,10828.47,casado,True,676249.43,doenca_grave,True,False,False,True,True,True,1
34,professor,14897.57,divorciado,False,724937.45,invalidez,False,False,False,False,True,False,1
